fips_code,county,state,total_population,total_housing_units,occupied_housing_units,renter_occupied,below_poverty_rate,total_households_poverty
12001,Alachua County,Florida,259865,115282,97485,45233,13.300780252,97485
12003,Baker County,Florida,27537,9838,8299,1860,0.596594497,8299
12005,Bay County,Florida,180117,101437,68667,25786,,68667
12007,Bradford County,Florida,26775,11021,8980,2599,0.85390164,8980
12009,Brevard County,Florida,568183,274602,227223,63658,,227223
12011,Broward County,Florida,1890416,818382,675828,255048,,675828
12013,Calhoun County,Florida,14458,6007,4581,757,0.452378879,4581
12015,Charlotte County,Florida,173236,102657,74884,16312,,74884
12017,Citrus County,Florida,141373,78825,62488,11932,,62488
12019,Clay County,Florida,203291,78815,71939,18411,3.59285031,71939
12021,Collier County,Florida,356774,207403,138131,38507,,138131
12023,Columbia County,Florida,68484,28806,24722,6671,2.03579137,24722
12027,DeSoto County,Florida,35675,14999,11744,3654,1.807097188,11744
12029,Dixie County,Florida,16323,9369,6431,1400,,6431
12031,Duval County,Florida,912043,399736,347783,147116,,347783
12033,Escambia County,Florida,309924,139751,117836,46045,,117836
12035,Flagler County,Florida,105015,50279,39433,9064,,39433
12037,Franklin County,Florida,11675,8645,4327,1145,,4327
12039,Gadsden County,Florida,46113,19680,17310,5151,1.828927703,17310
12041,Gilchrist County,Florida,17191,7436,6399,1170,0.816964709,6399
12043,Glades County,Florida,13197,6985,4297,1074,,4297
12045,Gulf County,Florida,16018,9372,5295,1342,,5295
12047,Hamilton County,Florida,14238,5795,4551,1197,0.765031638,4551
12049,Hardee County,Florida,27326,9724,7718,2430,1.224682074,7718
12051,Hendry County,Florida,39064,14670,12098,4183,,12098
12053,Hernando County,Florida,179144,85726,72234,16047,,72234
12055,Highlands County,Florida,100177,55502,41350,10466,,41350
12057,Hillsborough County,Florida,1351087,563638,505845,212702,,505845
12059,Holmes County,Florida,19483,8671,7019,1523,0.997226391,7019
12061,Indian River County,Florida,147981,78469,57911,13997,,57911
12063,Jackson County,Florida,48571,21060,17041,5099,2.307268755,17041
12065,Jefferson County,Florida,14085,6680,5702,1288,,5702
12067,Lafayette County,Florida,8684,3226,2193,412,0.394946273,2193
12069,Lake County,Florida,326215,151295,127441,33797,7.679680892,127441
12071,Lee County,Florida,700165,383224,264325,79758,,264325
12073,Leon County,Florida,285890,127813,112373,53232,,112373
12075,Levy County,Florida,39713,20327,15806,3958,,15806
12077,Liberty County,Florida,8347,3522,2325,574,0.325189722,2325
12079,Madison County,Florida,18518,8571,6743,1637,1.452035871,6743
12081,Manatee County,Florida,363542,183774,140255,40155,,140255
12083,Marion County,Florida,343778,166357,134747,33233,,134747
12085,Martin County,Florida,155719,79523,63497,14855,,63497
12086,Miami-Dade County,Florida,2702602,1008908,858289,410278,,858289
12087,Monroe County,Florida,76745,53378,30198,12474,,30198
12089,Nassau County,Florida,78435,37177,30454,6766,,30454
12091,Okaloosa County,Florida,197591,95651,76574,28112,,76574
12093,Okeechobee County,Florida,40228,18598,13333,3703,,13333
12095,Orange County,Florida,1290216,517631,451960,205585,,451960
12097,Osceola County,Florida,325168,139796,96250,38110,6.801537177,96250
12099,Palm Beach County,Florida,1426772,678673,543591,170914,,543591
12101,Pasco County,Florida,498136,237481,195818,54991,,195818
12103,Pinellas County,Florida,949842,506468,406871,141243,,406871
12105,Polk County,Florida,652256,288797,226604,71901,,226604
12107,Putnam County,Florida,72435,37251,27951,7630,,27951
12109,St. Johns County,Florida,226578,100322,83744,19239,,83744
12111,St. Lucie County,Florida,298763,138923,110043,30563,,110043
12113,Santa Rosa County,Florida,166778,69166,60607,15571,,60607
12115,Sarasota County,Florida,404839,234414,177998,47299,,177998
12117,Seminole County,Florida,449260,186869,161371,55255,10.290310116,161371
12119,Sumter County,Florida,116754,66983,52360,5167,,52360
12121,Suwannee County,Florida,43814,19214,15291,4471,1.414330452,15291
12123,Taylor County,Florida,22350,11047,7406,1537,,7406
12125,Union County,Florida,15300,4554,3946,1273,0.613517671,3946
12127,Volusia County,Florida,518660,258019,209885,64186,,209885
12129,Wakulla County,Florida,31586,13185,11075,2172,,11075
12131,Walton County,Florida,63457,49446,25449,7328,,25449
12133,Washington County,Florida,24472,10839,8558,1809,1.387269414,8558
37001,Alamance County,North Carolina,157844,69049,63035,21822,5.735332656,63035
37003,Alexander County,North Carolina,37159,16372,13744,3362,0.94024987,13744
37005,Alleghany County,North Carolina,10935,8143,4742,1184,0.582017709,4742
37007,Anson County,North Carolina,25531,11584,9647,3380,1.321159162,9647
37009,Ashe County,North Carolina,26833,17578,11995,3112,1.246010584,11995
37011,Avery County,North Carolina,17535,14110,6725,1549,0.846336782,6725
37013,Beaufort County,North Carolina,47316,25773,18978,5539,2.087346983,18978
37015,Bertie County,North Carolina,19913,9853,7988,2106,0.899326416,7988
37017,Bladen County,North Carolina,34130,17830,14394,4481,1.486963923,14394
37019,Brunswick County,North Carolina,122586,84702,53104,12121,,53104
37021,Buncombe County,North Carolina,252268,119412,105407,38287,7.337172941,105407
37023,Burke County,North Carolina,88898,40989,34568,9835,3.316000778,34568
37025,Cabarrus County,North Carolina,196716,76784,70598,20589,4.24616825,70598
37027,Caldwell County,North Carolina,81805,37904,32150,9118,2.940265914,32150
37029,Camden County,North Carolina,10336,4197,3796,754,0.158732265,3796
37031,Carteret County,North Carolina,68699,49580,30000,8199,,30000
37033,Caswell County,North Carolina,22833,10748,9160,2162,1.226698625,9160
37035,Catawba County,North Carolina,156182,68445,60238,18497,4.347126759,60238
37037,Chatham County,North Carolina,68364,30814,28148,6696,1.745820353,28148
37039,Cherokee County,North Carolina,27463,17961,11206,2241,1.228689677,11206
37041,Chowan County,North Carolina,14370,7294,5903,1593,0.534219681,5903
37043,Clay County,North Carolina,10753,7301,5049,1125,0.344982516,5049
37045,Cleveland County,North Carolina,97038,43498,37782,12327,4.307902362,37782
37047,Columbus County,North Carolina,56589,26210,22462,6541,2.957335352,22462
37049,Craven County,North Carolina,103374,46453,40571,14902,2.887725723,40571
37051,Cumberland County,North Carolina,332766,145090,124500,60967,,124500
37053,Currituck County,North Carolina,25247,15326,9766,1711,,9766
37055,Dare County,North Carolina,35412,34290,15264,4666,,15264
37057,Davidson County,North Carolina,164118,73827,64727,18395,5.329235714,64727
37059,Davie County,North Carolina,41766,18477,15895,3572,0.914692106,15895
37061,Duplin County,North Carolina,59350,25834,21669,6570,2.468371052,21669
37063,Durham County,North Carolina,300865,130691,120936,56268,,120936
37065,Edgecombe County,North Carolina,54032,24886,21431,8757,3.33281504,21431
37067,Forsyth County,North Carolina,368362,161856,145102,54477,17.852816541,145102
37069,Franklin County,North Carolina,63866,27642,24287,6543,2.040751809,24287
37071,Gaston County,North Carolina,214049,91011,80682,27952,10.471521926,80682
37073,Gates County,North Carolina,11601,5305,4439,870,0.378657143,4439
37075,Graham County,North Carolina,8607,6001,3303,601,0.528745856,3303
37077,Granville County,North Carolina,58503,23784,20945,5578,,20945
37079,Greene County,North Carolina,21059,8289,7348,2254,0.863855238,7348
37081,Guilford County,North Carolina,517197,225009,200998,82586,,200998
37083,Halifax County,North Carolina,52300,25883,21207,7819,3.105283936,21207
37085,Harnett County,North Carolina,128753,50542,44657,15582,4.569405347,44657
37087,Haywood County,North Carolina,59854,35295,26288,7427,,26288
37089,Henderson County,North Carolina,112156,56398,47804,13249,,47804
37091,Hertford County,North Carolina,24262,10645,8880,2913,1.087847095,8880
37093,Hoke County,North Carolina,52571,20426,17373,5736,,17373
37095,Hyde County,North Carolina,5507,3311,1835,435,,1835
37097,Iredell County,North Carolina,169798,71720,63447,17757,5.481335761,63447
37099,Jackson County,North Carolina,41725,26847,16218,5653,1.795840913,16218
37101,Johnston County,North Carolina,186308,72140,65401,18524,3.764936962,65401
37103,Jones County,North Carolina,9776,4948,4148,1139,0.776082929,4148
37105,Lee County,North Carolina,59805,24405,21691,7091,2.36185224,21691
37107,Lenoir County,North Carolina,57934,27517,23263,9271,3.756666103,23263
37109,Lincoln County,North Carolina,80504,34639,31250,7354,2.489968038,31250
37111,McDowell County,North Carolina,45069,21196,17970,5166,1.846253595,17970
37113,Macon County,North Carolina,34160,25515,15513,4073,1.367395265,15513
37115,Madison County,North Carolina,21347,10860,8346,2117,1.144504597,8346
37117,Martin County,North Carolina,23227,11610,9624,2994,1.105579816,9624
37119,Mecklenburg County,North Carolina,1034290,427292,395503,171286,,395503
37121,Mitchell County,North Carolina,15155,8800,6390,1311,0.648614789,6390
37123,Montgomery County,North Carolina,27445,16203,10855,3258,1.24370786,10855
37125,Moore County,North Carolina,94191,46093,38185,9783,2.104985336,38185
37127,Nash County,North Carolina,94125,42765,36878,12806,2.806823876,36878
37129,New Hanover County,North Carolina,219866,107369,91673,39062,,91673
37131,Northampton County,North Carolina,20426,11654,8819,2713,1.189471781,8819
37133,Onslow County,North Carolina,192685,77453,63093,29958,,63093
37135,Orange County,North Carolina,141812,56941,52160,19910,,52160
37137,Pamlico County,North Carolina,12803,7687,5395,1355,,5395
37139,Pasquotank County,North Carolina,39546,17027,14629,5781,2.064884608,14629
37141,Pender County,North Carolina,57630,28115,21053,4395,,21053
37143,Perquimans County,North Carolina,13506,7134,5882,1602,0.599658837,5882
37145,Person County,North Carolina,39240,18371,15772,4411,1.14660873,15772
37147,Pitt County,North Carolina,176484,77843,68805,32848,7.371524728,68805
37149,Polk County,North Carolina,20434,11603,8913,2399,0.810792727,8913
37151,Randolph County,North Carolina,142827,61940,55679,15856,4.367010949,55679
37153,Richmond County,North Carolina,45447,21234,18371,6346,2.798047129,18371
37155,Robeson County,North Carolina,134187,53027,46163,16304,8.830807648,46163
37157,Rockingham County,North Carolina,91566,43879,37162,11735,3.686710327,37162
37159,Rowan County,North Carolina,138940,61046,51798,16524,5.029279416,51798
37161,Rutherford County,North Carolina,66523,34181,26497,7548,2.323394051,26497
37163,Sampson County,North Carolina,63664,27513,23431,7129,2.426660816,23431
37165,Scotland County,North Carolina,35445,15278,13273,5038,2.028091321,13273
37167,Stanly County,North Carolina,60875,27495,23859,6566,1.94781422,23859
37169,Stokes County,North Carolina,46124,22113,19273,4320,1.287718999,19273
37171,Surry County,North Carolina,72315,33950,29256,7893,3.862181097,29256
37173,Swain County,North Carolina,14208,8913,5464,1543,,5464
37175,Transylvania County,North Carolina,33291,19493,14125,3399,1.005105376,14125
37177,Tyrrell County,North Carolina,4090,2152,1539,376,0.276153346,1539
37179,Union County,North Carolina,222095,78150,73709,14370,3.660597403,73709
37181,Vance County,North Carolina,44420,20118,17029,7049,2.466970023,17029
37183,Wake County,North Carolina,1023811,411632,381971,137179,,381971
37185,Warren County,North Carolina,20190,11916,8157,2284,1.215029041,8157
37187,Washington County,North Carolina,12331,6471,5223,2059,0.666670894,5223
37189,Watauga County,North Carolina,53421,33272,20331,8355,3.104888899,20331
37191,Wayne County,North Carolina,124496,53902,47587,18623,4.983640557,47587
37193,Wilkes County,North Carolina,68525,33412,27765,7074,2.953371368,27765
37195,Wilson County,North Carolina,81379,35879,32068,12677,4.553757765,32068
37197,Yadkin County,North Carolina,37825,17412,15521,3739,1.052415639,15521
37199,Yancey County,North Carolina,17605,11170,7493,1997,0.97585145,7493
48001,Anderson County,Texas,57747,20304,16567,4819,1.937304752,16567
48003,Andrews County,Texas,17577,6164,5413,1432,0.374874388,5413
48005,Angelina County,Texas,87700,36565,30931,10507,3.18000667,30931
48007,Aransas County,Texas,24832,16002,9529,2490,,9529
48009,Archer County,Texas,8793,4153,3351,599,0.270204876,3351
48011,Armstrong County,Texas,1929,922,702,133,0.07977208,702
48013,Atascosa County,Texas,48139,18141,15509,3972,1.137934066,15509
48015,Austin County,Texas,29292,13132,11021,2846,0.769027779,11021
48017,Bailey County,Texas,7098,2673,2230,621,0.17264574,2230
48019,Bandera County,Texas,21316,11788,8278,1271,0.729804457,8278
48021,Bastrop County,Texas,80306,30195,26015,6104,1.236580541,26015
48023,Baylor County,Texas,3602,2657,1644,371,0.143552311,1644
48025,Bee County,Texas,32729,10693,8531,3156,1.225146158,8531
48027,Bell County,Texas,336506,136088,116397,52630,,116397
48029,Bexar County,Texas,1892004,683786,627889,259072,,627889
48031,Blanco County,Texas,11089,5753,4230,990,0.179500229,4230
48033,Borden County,Texas,602,428,248,65,0.052419355,248
48035,Bosque County,Texas,17955,9698,7027,1592,0.996597904,7027
48037,Bowie County,Texas,93635,39489,33171,11588,3.697269515,33171
48039,Brazoria County,Texas,345995,130392,117088,32872,,117088
48041,Brazos County,Texas,214231,85634,77480,42233,,77480
48043,Brewster County,Texas,9220,5482,3932,1777,0.412074979,3932
48045,Briscoe County,Texas,1591,988,664,160,0.131024096,664
48047,Brooks County,Texas,7251,3051,2022,779,0.70979983,2022
48049,Brown County,Texas,37787,18638,13835,3797,2.31785024,13835
48051,Burleson County,Texas,17596,9049,6565,1439,0.62298502,6565
48053,Burnet County,Texas,45017,21951,16545,3935,0.750768568,16545
48055,Caldwell County,Texas,40544,14260,12894,4222,1.121527431,12894
48057,Calhoun County,Texas,21821,11837,7733,2275,,7733
48059,Callahan County,Texas,13660,6637,5291,939,0.641821447,5291
48061,Cameron County,Texas,420201,148211,122188,40120,,122188
48063,Camp County,Texas,12670,5732,4730,1385,0.491465414,4730
48065,Carson County,Texas,6033,2784,2292,344,0.129785332,2292
48067,Cass County,Texas,30118,14504,11811,2615,1.171744325,11811
48069,Castro County,Texas,7891,3179,2462,878,0.32362188,2462
48071,Chambers County,Texas,39283,14915,13320,2297,,13320
48073,Cherokee County,Texas,51594,21167,17885,4713,2.312762044,17885
48075,Childress County,Texas,7064,2938,2282,1028,0.272809137,2282
48077,Clay County,Texas,10369,5202,4076,597,0.45805542,4076
48079,Cochran County,Texas,2932,1359,1000,239,0.243,1000
48081,Coke County,Texas,3238,2693,1574,453,0.354322573,1574
48083,Coleman County,Texas,8422,5531,3470,1003,0.616355749,3470
48085,Collin County,Texas,914075,340142,323905,111349,10.486258483,323905
48087,Collingsworth County,Texas,3026,1488,1099,216,0.131028207,1099
48089,Colorado County,Texas,20913,10626,7603,1363,0.719747912,7603
48091,Comal County,Texas,129100,53692,47253,11648,2.205039963,47253
48093,Comanche County,Texas,13492,7303,5107,1105,0.682638404,5107
48095,Concho County,Texas,3858,1648,791,227,0.123893805,791
48097,Cooke County,Texas,39064,16807,15185,4729,1.080063043,15185
48099,Coryell County,Texas,75818,26325,22424,9508,,22424
48101,Cottle County,Texas,1498,1060,664,230,0.25753012,664
48103,Crane County,Texas,4836,1670,1479,321,0.133198107,1479
48105,Crockett County,Texas,3836,1783,1411,384,0.213323884,1411
48107,Crosby County,Texas,5895,2892,2064,649,0.632230814,2064
48109,Culberson County,Texas,2257,1020,735,245,0.254421769,735
48111,Dallam County,Texas,7207,2927,2432,982,0.204842779,2432
48113,Dallas County,Texas,2552213,985738,906179,448928,,906179
48115,Dawson County,Texas,13095,5186,4339,1254,0.791525677,4339
48117,Deaf Smith County,Texas,18947,7050,6118,2140,0.660359854,6118
48119,Delta County,Texas,5172,2473,2035,464,0.414250146,2035
48121,Denton County,Texas,781321,290621,275164,97642,11.416451614,275164
48123,DeWitt County,Texas,20474,9201,7260,1795,0.858137381,7260
48125,Dickens County,Texas,2224,1361,832,237,0.200721154,832
48127,Dimmit County,Texas,10822,4395,3476,1028,0.627201489,3476
48129,Donley County,Texas,3433,2145,1230,315,0.315461493,1230
48131,Duval County,Texas,11434,5579,3845,1261,0.735061629,3845
48133,Eastland County,Texas,18278,10272,6437,1620,0.973867138,6437
48135,Ector County,Texas,155744,57014,51475,17481,3.5000895,51475
48137,Edwards County,Texas,2111,1680,634,83,0.146687697,634
48139,Ellis County,Texas,164092,58592,54725,14747,3.27808856,54725
48141,El Paso County,Texas,834825,289883,263200,101092,,263200
48143,Erath County,Texas,41016,17696,13827,5024,1.645888803,13827
48145,Falls County,Texas,17289,7741,5405,1474,1.547515159,5405
48147,Fannin County,Texas,33787,14327,12027,3050,1.431652183,12027
48149,Fayette County,Texas,24963,13934,9298,1746,0.70141338,9298
48151,Fisher County,Texas,3875,2196,1696,469,0.350149008,1696
48153,Floyd County,Texas,5953,2978,2320,633,0.331601539,2320
48155,Foard County,Texas,1414,899,562,111,0.056939502,562
48157,Fort Bend County,Texas,711421,233699,222331,48797,6.472377167,222331
48159,Franklin County,Texas,10639,5825,3931,1002,0.484727628,3931
48161,Freestone County,Texas,19646,9385,7232,1823,1.096488805,7232
48163,Frio County,Texas,19110,5939,4530,1356,0.674953085,4530
48165,Gaines County,Texas,19889,6415,5716,1352,0.34510049,5716
48167,Galveston County,Texas,321184,142115,117455,39582,,117455
48169,Garza County,Texas,6739,2235,1715,600,0.113702624,1715
48171,Gillespie County,Texas,25939,13023,10795,2561,0.525951425,10795
48173,Glasscock County,Texas,1420,559,475,134,0.088421053,475
48175,Goliad County,Texas,7510,3754,2755,499,0.298456288,2755
48177,Gonzales County,Texas,20558,8882,7018,2196,1.040151114,7018
48179,Gray County,Texas,22962,10052,7971,1976,1.170055082,7971
48181,Grayson County,Texas,126146,54921,47550,15687,4.039223171,47550
48183,Gregg County,Texas,123402,51560,45615,18771,4.342183116,45615
48185,Grimes County,Texas,27358,11138,8980,1997,1.126823824,8980
48187,Guadalupe County,Texas,150889,55714,51990,12771,3.033737695,51990
48189,Hale County,Texas,34527,13425,11217,4443,1.719936614,11217
48191,Hall County,Texas,3102,1925,1244,465,0.217845659,1244
48193,Hamilton County,Texas,8220,4558,3157,768,0.459543005,3157
48195,Hansford County,Texas,5532,2334,1924,520,0.283882201,1924
48197,Hardeman County,Texas,3990,2286,1533,383,0.180039139,1533
48199,Hardin County,Texas,55993,24020,20739,3982,1.50657743,20739
48201,Harris County,Texas,4525519,1714340,1562813,707184,,1562813
48203,Harrison County,Texas,66606,28332,23363,6035,2.609055625,23363
48205,Hartley County,Texas,5821,1965,1754,687,0.07354618,1754
48207,Haskell County,Texas,5806,3443,2128,473,0.365440606,2128
48209,Hays County,Texas,194843,73347,68045,25803,4.325347755,68045
48211,Hemphill County,Texas,4152,1656,1358,429,0.080265096,1358
48213,Henderson County,Texas,79687,40655,30459,7491,2.955368782,30459
48215,Hidalgo County,Texas,839539,267791,232523,75574,,232523
48217,Hill County,Texas,35098,16259,12674,3324,1.977749961,12674
48219,Hockley County,Texas,23273,9326,8065,2532,1.004520154,8065
48221,Hood County,Texas,55418,26004,21527,5154,1.187193131,21527
48223,Hopkins County,Texas,35929,15319,13287,4078,1.450187955,13287
48225,Houston County,Texas,22849,11629,8328,2607,1.653394801,8328
48227,Howard County,Texas,36491,13135,11032,3524,1.563455959,11032
48229,Hudspeth County,Texas,3702,1559,890,225,0.357303371,890
48231,Hunt County,Texas,90322,37377,31781,9635,3.501789641,31781
48233,Hutchinson County,Texas,21704,10608,7799,1597,1.431620482,7799
48235,Irion County,Texas,1592,877,648,134,0.141975309,648
48237,Jack County,Texas,8839,4137,3075,551,0.401415248,3075
48239,Jackson County,Texas,14756,6634,5232,1582,0.445831244,5232
48241,Jasper County,Texas,35444,17079,11974,2977,1.537596691,11974
48243,Jeff Davis County,Texas,2236,1729,1007,198,0.097318769,1007
48245,Jefferson County,Texas,254574,107716,94020,35839,,94020
48247,Jim Hogg County,Texas,5262,2355,1587,382,0.531347963,1587
48249,Jim Wells County,Texas,41318,16316,13614,4167,1.625685511,13614
48251,Johnson County,Texas,160173,60389,55467,14486,3.036922018,55467
48253,Jones County,Texas,19969,7292,5635,1473,,5635
48255,Karnes County,Texas,15051,5880,4303,1103,0.749678827,4303
48257,Kaufman County,Texas,114852,40073,36525,8350,2.501793154,36525
48259,Kendall County,Texas,40306,15406,13691,3716,0.412475052,13691
48261,Kenedy County,Texas,564,253,152,109,,152
48263,Kent County,Texas,680,462,275,73,0.141818182,275
48265,Kerr County,Texas,50761,24261,20580,5920,1.102524842,20580
48267,Kimble County,Texas,4432,3302,1941,483,0.398664746,1941
48269,King County,Texas,289,144,101,81,0.02970297,101
48271,Kinney County,Texas,3631,1941,1200,272,0.105,1200
48273,Kleberg County,Texas,31540,13194,10958,5150,,10958
48275,Knox County,Texas,3753,2046,1376,266,0.307359417,1376
48277,Lamar County,Texas,49401,22663,19085,6812,2.435447579,19085
48279,Lamb County,Texas,13368,6084,4790,1391,0.878569246,4790
48281,Lampasas County,Texas,20473,9165,7748,1990,0.693422788,7748
48283,La Salle County,Texas,7418,3185,2286,679,0.145669291,2286
48285,Lavaca County,Texas,19859,10401,7684,1883,0.734477452,7684
48287,Lee County,Texas,16850,7688,6118,1379,0.571380635,6118
48289,Leon County,Texas,16966,9668,6245,1348,0.458589374,6245
48291,Liberty County,Texas,79884,30274,25974,6534,2.345221874,25974
48293,Limestone County,Texas,23480,10635,8100,1991,1.490192352,8100
48295,Lipscomb County,Texas,3495,1544,1276,341,0.213812861,1276
48297,Live Oak County,Texas,12043,6179,3586,627,0.43695679,3586
48299,Llano County,Texas,20195,14956,8681,2034,0.701802846,8681
48301,Loving County,Texas,74,59,31,15,0.193548387,31
48303,Lubbock County,Texas,298042,123178,110275,48581,,110275
48305,Lynn County,Texas,5785,2674,2147,672,0.575981068,2147
48307,McCulloch County,Texas,8145,4302,3143,745,0.490585282,3143
48309,McLennan County,Texas,245720,98823,88208,37068,,88208
48311,McMullen County,Texas,600,372,194,51,0.103092784,194
48313,Madison County,Texas,13979,5228,4174,1105,0.635864834,4174
48315,Marion County,Texas,10140,6321,4457,929,0.874642012,4457
48317,Martin County,Texas,5547,1897,1635,374,0.169178082,1635
48319,Mason County,Texas,4122,2682,1622,437,0.289254941,1622
48321,Matagorda County,Texas,36744,19203,13811,4452,,13811
48323,Maverick County,Texas,57471,18233,16416,5246,2.493214873,16416
48325,Medina County,Texas,48548,18386,15154,2706,1.044475297,15154
48327,Menard County,Texas,2123,1789,964,321,0.130705394,964
48329,Midland County,Texas,159883,59092,55045,18295,,55045
48331,Milam County,Texas,24479,11409,9437,2993,1.030313394,9437
48333,Mills County,Texas,4887,2930,1833,280,0.29018497,1833
48335,Mitchell County,Texas,8774,4061,2639,634,0.174555099,2639
48337,Montague County,Texas,19406,10246,8044,2260,0.844558934,8044
48339,Montgomery County,Texas,535187,203904,186861,53779,6.173458085,186861
48341,Moore County,Texas,22016,8020,6725,2431,0.525596796,6725
48343,Morris County,Texas,12530,6044,5024,1292,0.528871206,5024
48345,Motley County,Texas,1114,767,469,133,0.115138593,469
48347,Nacogdoches County,Texas,65411,28229,23825,10517,3.238342622,23825
48349,Navarro County,Texas,48239,20641,17326,5437,1.863530809,17326
48351,Newton County,Texas,14187,7252,4781,824,0.631785644,4781
48353,Nolan County,Texas,14990,7084,5552,1707,0.836032787,5552
48355,Nueces County,Texas,358484,146962,128857,54392,,128857
48357,Ochiltree County,Texas,10484,4067,3549,987,0.347692315,3549
48359,Oldham County,Texas,2083,743,581,152,0.08605852,581
48361,Orange County,Texas,83909,36649,32272,7963,3.149779927,32272
48363,Palo Pinto County,Texas,28109,15425,10441,3110,1.687645715,10441
48365,Panola County,Texas,23574,11094,9032,2037,0.821252589,9032
48367,Parker County,Texas,125963,48857,43942,9880,1.979209525,43942
48369,Parmer County,Texas,9871,3793,3222,1001,0.320749454,3222
48371,Pecos County,Texas,15804,5645,4420,1345,0.640375631,4420
48373,Polk County,Texas,46974,24700,17632,4109,1.819162082,17632
48375,Potter County,Texas,121230,49395,43453,18547,,43453
48377,Presidio County,Texas,7191,3994,2589,1046,0.580926028,2589
48379,Rains County,Texas,11246,5341,4333,987,0.28378072,4333
48381,Randall County,Texas,130552,53955,49118,14815,2.622328612,49118
48383,Reagan County,Texas,3735,1326,1171,348,0.131511529,1171
48385,Real County,Texas,3358,2693,1123,261,0.203918077,1123
48387,Red River County,Texas,12353,6903,5218,1262,0.718146794,5218
48389,Reeves County,Texas,14791,4629,3731,1057,0.939657254,3731
48391,Refugio County,Texas,7293,3734,2694,747,0.326158384,2694
48393,Roberts County,Texas,889,418,326,84,0.015337423,326
48395,Robertson County,Texas,16727,8658,6298,1607,0.953734165,6298
48397,Rockwall County,Texas,90414,31853,30365,5951,0.634521015,30365
48399,Runnels County,Texas,10266,5267,3781,1067,0.510594172,3781
48401,Rusk County,Texas,53026,21472,17982,4305,1.969748081,17982
48403,Sabine County,Texas,10429,8171,3811,458,0.509399766,3811
48405,San Augustine County,Texas,8403,5414,3202,665,0.751056316,3202
48407,San Jacinto County,Texas,27436,13444,9414,1602,0.691709679,9414
48409,San Patricio County,Texas,66867,27492,23246,7700,2.345678173,23246
48411,San Saba County,Texas,5851,3184,2135,697,0.317245522,2135
48413,Schleicher County,Texas,3122,1500,1102,255,0.149727768,1102
48415,Scurry County,Texas,17346,7184,5838,1511,0.390657385,5838
48417,Shackelford County,Texas,3348,1761,1257,265,0.180588703,1257
48419,Shelby County,Texas,25689,12084,9218,2638,1.254392663,9218
48421,Sherman County,Texas,3067,1403,1063,203,0.134524929,1063
48423,Smith County,Texas,222277,89246,77801,26526,,77801
48425,Somervell County,Texas,8650,3790,3234,843,0.383478261,3234
48427,Starr County,Texas,63420,19724,16320,4184,5.28415831,16320
48429,Stephens County,Texas,9365,4936,3361,708,0.639160826,3361
48431,Sterling County,Texas,1139,609,462,69,0.106060606,462
48433,Stonewall County,Texas,1084,810,458,110,0.144104803,458
48435,Sutton County,Texas,3894,2104,1573,500,0.061665607,1573
48437,Swisher County,Texas,7541,3197,2602,788,0.562674233,2602
48439,Tarrant County,Texas,1983675,748333,689921,271069,,689921
48441,Taylor County,Texas,135371,56978,49443,20291,,49443
48443,Terrell County,Texas,721,734,343,80,0.250728863,343
48445,Terry County,Texas,12755,4857,4142,1248,0.508500932,4142
48447,Throckmorton County,Texas,1541,1063,712,192,0.219101124,712
48449,Titus County,Texas,32664,12235,10675,3512,1.410895827,10675
48451,Tom Green County,Texas,116906,47970,43081,15912,3.254045794,43081
48453,Travis County,Texas,1176584,487519,447561,213336,,447561
48455,Trinity County,Texas,14481,8909,5934,1318,0.866441387,5934
48457,Tyler County,Texas,21456,10733,7312,1149,0.830618777,7312
48459,Upshur County,Texas,40506,16949,14061,3238,0.947470518,14061
48461,Upton County,Texas,3575,1623,1308,354,0.314401848,1308
48463,Uvalde County,Texas,27015,11092,8624,2340,0.820092607,8624
48465,Val Verde County,Texas,48976,18976,15189,5597,,15189
48467,Van Zandt County,Texas,53607,23169,19354,4428,1.494701217,19354
48469,Victoria County,Texas,91518,36507,32734,11276,,32734
48471,Walker County,Texas,70818,25465,21294,10053,2.370316099,21294
48473,Waller County,Texas,48443,16521,14698,4614,0.770800746,14698
48475,Ward County,Texas,11498,4755,3954,1187,0.459742299,3954
48477,Washington County,Texas,34667,15860,12205,2807,0.79247891,12205
48479,Webb County,Texas,269624,80021,72379,26778,19.855242407,72379
48481,Wharton County,Texas,41430,17444,15224,4955,1.990174944,15224
48483,Wheeler County,Texas,5599,2719,2287,826,0.302976815,2287
48485,Wichita County,Texas,131778,55948,48528,18769,,48528
48487,Wilbarger County,Texas,12972,6267,5155,1812,0.626367645,5155
48489,Willacy County,Texas,21839,7224,5737,1272,,5737
48491,Williamson County,Texas,508313,181263,170051,52841,6.088961755,170051
48493,Wilson County,Texas,47205,17334,15755,2598,1.102736965,15755
48495,Winkler County,Texas,7777,3004,2524,550,0.471203114,2524
48497,Wise County,Texas,63247,24398,21691,5049,1.264016593,21691
48499,Wood County,Texas,43315,21128,16122,3157,1.370456286,16122
48501,Yoakum County,Texas,8481,3026,2652,598,0.235983438,2652
48503,Young County,Texas,18166,8684,7066,1536,0.638710137,7066
48505,Zapata County,Texas,14415,6344,4457,1235,0.904480192,4457
48507,Zavala County,Texas,12152,4336,3536,1084,1.600194946,3536
72001,Adjuntas Municipio,Puerto Rico,18525,7705,6166,2802,3.831925002,6166
72003,Aguada Municipio,Puerto Rico,39470,17385,12824,3252,,12824
72005,Aguadilla Municipio,Puerto Rico,55722,27301,21322,8361,,21322
72007,Aguas Buenas Municipio,Puerto Rico,26855,10794,8594,2884,3.117263732,8594
72009,Aibonito Municipio,Puerto Rico,24008,9945,8573,1703,2.901268824,8573
72011,Añasco Municipio,Puerto Rico,27892,12557,9255,2048,,9255
72013,Arecibo Municipio,Puerto Rico,89550,41382,32308,10355,,32308
72015,Arroyo Municipio,Puerto Rico,18504,8503,6127,1289,,6127
72017,Barceloneta Municipio,Puerto Rico,24583,9935,8090,2107,,8090
72019,Barranquitas Municipio,Puerto Rico,29237,10884,9109,2067,3.500908921,9109
72021,Bayamón Municipio,Puerto Rico,188614,83381,69318,21503,22.698618949,69318
72023,Cabo Rojo Municipio,Puerto Rico,49726,29668,16495,6854,,16495
72025,Caguas Municipio,Puerto Rico,134269,58048,49386,15657,13.350144646,49386
72027,Camuy Municipio,Puerto Rico,32936,14148,11571,3542,,11571
72029,Canóvanas Municipio,Puerto Rico,46779,17906,14603,3347,5.531529658,14603
72031,Carolina Municipio,Puerto Rico,161684,77499,64056,19640,,64056
72033,Cataño Municipio,Puerto Rico,25595,10725,9068,3596,,9068
72035,Cayey Municipio,Puerto Rico,45431,20096,16459,5651,4.910156808,16459
72037,Ceiba Municipio,Puerto Rico,12238,7448,4532,1153,,4532
72039,Ciales Municipio,Puerto Rico,17325,7335,5949,1990,2.4299007,5949
72041,Cidra Municipio,Puerto Rico,41181,15950,12998,3828,4.540707422,12998
72043,Coamo Municipio,Puerto Rico,39796,16462,13783,3276,4.65318335,13783
72045,Comerío Municipio,Puerto Rico,19914,7537,6075,2251,2.995264628,6075
72047,Corozal Municipio,Puerto Rico,34933,13010,11026,2247,3.280285114,11026
72049,Culebra Municipio,Puerto Rico,1494,1512,520,171,,520
72051,Dorado Municipio,Puerto Rico,37722,15750,12029,2748,,12029
72053,Fajardo Municipio,Puerto Rico,33075,18522,12436,4323,,12436
72054,Florida Municipio,Puerto Rico,12140,4904,4300,1054,1.077133826,4300
72055,Guánica Municipio,Puerto Rico,17327,9347,5528,1445,,5528
72057,Guayama Municipio,Puerto Rico,42623,18794,14989,4088,,14989
72059,Guayanilla Municipio,Puerto Rico,19578,8278,6575,1998,,6575
72061,Guaynabo Municipio,Puerto Rico,90773,40052,32913,8676,7.050409671,32913
72063,Gurabo Municipio,Puerto Rico,47074,17446,15223,2683,3.058989103,15223
72065,Hatillo Municipio,Puerto Rico,40978,16829,14443,3721,,14443
72067,Hormigueros Municipio,Puerto Rico,16474,7669,6271,1625,1.650370182,6271
72069,Humacao Municipio,Puerto Rico,54736,26825,18378,4954,,18378
72071,Isabela Municipio,Puerto Rico,43314,20354,15230,5556,,15230
72073,Jayuya Municipio,Puerto Rico,15297,6189,4818,1799,1.725117457,4818
72075,Juana Díaz Municipio,Puerto Rico,47952,18905,15964,4061,,15964
72077,Juncos Municipio,Puerto Rico,39704,15538,12627,3700,2.970120636,12627
72079,Lajas Municipio,Puerto Rico,23893,12094,8059,3493,,8059
72081,Lares Municipio,Puerto Rico,27321,12228,10051,4382,4.810861518,10051
72083,Las Marías Municipio,Puerto Rico,8874,3919,3033,929,1.677722086,3033
72085,Las Piedras Municipio,Puerto Rico,38253,15619,12534,3207,2.902453599,12534
72087,Loíza Municipio,Puerto Rico,27242,11558,8919,2525,,8919
72089,Luquillo Municipio,Puerto Rico,18952,10462,6636,1959,,6636
72091,Manatí Municipio,Puerto Rico,40705,18742,15703,4121,,15703
72093,Maricao Municipio,Puerto Rico,6180,2623,1914,500,1.180316254,1914
72095,Maunabo Municipio,Puerto Rico,11297,5332,3976,938,,3976
72097,Mayagüez Municipio,Puerto Rico,79615,41149,29769,12329,,29769
72099,Moca Municipio,Puerto Rico,37676,15744,12975,4319,4.053836897,12975
72101,Morovis Municipio,Puerto Rico,31785,11807,10129,2999,3.010347171,10129
72103,Naguabo Municipio,Puerto Rico,26584,11570,8346,1728,,8346
72105,Naranjito Municipio,Puerto Rico,29112,10634,8696,1841,2.599963004,8696
72107,Orocovis Municipio,Puerto Rico,21906,8528,6797,2130,3.920706328,6797
72109,Patillas Municipio,Puerto Rico,17769,8973,6501,1913,,6501
72111,Peñuelas Municipio,Puerto Rico,21661,8726,7132,1778,,7132
72113,Ponce Municipio,Puerto Rico,148863,66368,53341,18695,,53341
72115,Quebradillas Municipio,Puerto Rico,24548,10387,8491,3197,,8491
72117,Rincón Municipio,Puerto Rico,14526,9447,5079,1373,,5079
72119,Río Grande Municipio,Puerto Rico,51768,22981,15938,3775,,15938
72121,Sabana Grande Municipio,Puerto Rico,23610,10767,7568,1891,3.309875257,7568
72123,Salinas Municipio,Puerto Rico,29239,13858,10718,2039,,10718
72125,San Germán Municipio,Puerto Rico,32937,15689,11922,3336,3.52838851,11922
72127,San Juan Municipio,Puerto Rico,355181,191901,145321,67050,,145321
72129,San Lorenzo Municipio,Puerto Rico,38689,16387,13670,3257,4.605609255,13670
72131,San Sebastián Municipio,Puerto Rico,38970,17733,14278,5330,5.321425538,14278
72133,Santa Isabel Municipio,Puerto Rico,22475,9417,7759,2080,,7759
72135,Toa Alta Municipio,Puerto Rico,74169,25828,22205,3696,4.503824163,22205
72137,Toa Baja Municipio,Puerto Rico,81905,34589,27802,7327,,27802
72139,Trujillo Alto Municipio,Puerto Rico,69478,29385,24357,8046,4.629037614,24357
72141,Utuado Municipio,Puerto Rico,30209,13315,9727,3454,4.311532245,9727
72143,Vega Alta Municipio,Puerto Rico,38589,16090,12529,3846,,12529
72145,Vega Baja Municipio,Puerto Rico,54754,24648,17746,2893,,17746
72147,Vieques Municipio,Puerto Rico,8931,5101,2555,556,,2555
72149,Villalba Municipio,Puerto Rico,23659,9097,7761,2192,2.896482982,7761
72151,Yabucoa Municipio,Puerto Rico,35025,14742,11989,3394,,11989
72153,Yauco Municipio,Puerto Rico,37585,17344,10749,2554,6.275526499,10749
